"change_id","restaurant_id","restaurant_name","item_name","item_category","change_type","old_price","new_price","old_description","new_description","old_allergen_dietary","new_allergen_dietary","old_image","new_image","image_analysis","old_category","new_category","last_verified_price","price_markup_pct","llm_decision","llm_confidence","llm_reasoning","context_provided","human_decision","human_agrees_with_llm","processing_time_ms","model_version","timestamp","failure_type"
"CHG-001","R-1007","Doyum Grillhaus","Sushi Set","Main","price","16.24","21.09","","","","","","","","","","","29.9","reject","0.89","30% above last verified price. Exceeds policy threshold.","Pricing policy: Approve price increases up to 25% above last verified price. Reject increases above 25%.","reject","TRUE","1184","v1","2026-01-15T09:00:00Z",""
"CHG-002","R-1015","Durumcu Baba","Bibimbap","Main","price","10.70","11.67","","","","","","","","","","","9.1","approve","0.90","9% above last verified price. Within policy bounds.","Pricing policy: Approve price increases up to 25% above last verified price. Reject increases above 25%.","approve","TRUE","964","v1","2026-01-15T09:03:00Z",""
"CHG-003","R-1008","Sahara Imbiss","Lobster Roll","Seafood","price","17.58","22.12","","","","","","","","","","18.00","22.9","approve","0.93","23% above last verified price. Within policy bounds.","Pricing policy: Approve price increases up to 25% above last verified price. Reject increases above 25%.","approve","TRUE","1494","v1","2026-01-15T09:06:00Z",""
"CHG-004","R-1007","Doyum Grillhaus","Naan","Sides","description","","","Classic breaded veal schnitzel with fries","Premium hand-breaded veal schnitzel with truffle fries and organic garden salad","","","","","","","","","","flag_for_review","0.87","Description contains premium claims that need verification.","Description policy: Approve factual corrections and descriptive enhancements. Reject changes that add unverifiable sourcing claims (e.g., 'organic', 'free-range', 'wagyu') or origin claims (e.g., 'Japanese', 'Norwegian') unless certification is on file.","reject","TRUE","1142","v1","2026-01-15T09:09:00Z",""
"CHG-005","R-1009","Burgermeister","Fried Chicken Box","Main","price","8.30","13.30","","","","","","","","","","8.50","56.5","reject","0.75","56% above last verified price. Exceeds policy threshold.","Pricing policy: Approve price increases up to 25% above last verified price. Reject increases above 25%.","reject","TRUE","1133","v1","2026-01-15T09:12:00Z",""
"CHG-006","R-1017","Al Mallah","Caesar Salad","Starters","price","8.17","13.00","","","","","","","","","","8.50","52.9","reject","0.77","53% above last verified price. Exceeds policy threshold.","Pricing policy: Approve price increases up to 25% above last verified price. Reject increases above 25%.","reject","TRUE","1631","v1","2026-01-15T09:15:00Z",""
"CHG-007","R-1020","Al Baik","Lamb Chops","Main","description","","","Chicken shawarma sandwich","Hand-carved rotisserie chicken shawarma with garlic sauce and pickles in fresh saj bread","","","","","","","","","","approve","0.93","Description enhancement. No misleading claims detected.","Description policy: Approve factual corrections and descriptive enhancements. Reject changes that add unverifiable sourcing claims (e.g., 'organic', 'free-range', 'wagyu') or origin claims (e.g., 'Japanese', 'Norwegian') unless certification is on file.","approve","TRUE","873","v1","2026-01-15T09:18:00Z",""
"CHG-008","R-1022","Myeongdong Kyoja","Tacos","Main","price","9.23","12.38","","","","","","","","","","","34.2","reject","0.73","34% above last verified price. Exceeds policy threshold.","Pricing policy: Approve price increases up to 25% above last verified price. Reject increases above 25%.","reject","TRUE","856","v1","2026-01-15T09:21:00Z",""
"CHG-009","R-1024","Tosokchon","Vegan Bowl","Main","allergen_dietary","","","","","Contains: gluten, dairy, eggs","Contains: gluten, dairy","","","","","","","","flag_for_review","0.90","Allergen removed (eggs). Needs verification — recipe may not have changed.","Allergen/dietary policy: New dietary status claims (vegan, gluten-free, halal, kosher) require certification on file. Additions of allergen warnings (e.g., 'contains nuts') should be approved for safety. Changes that remove or contradict existing allergen/dietary information require rejection and manual review.","reject","TRUE","1889","v1","2026-01-15T09:24:00Z",""
"CHG-010","R-1030","Korean BBQ House","Classic Burger","Main","image","","","","","","","burger_photo_2024.jpg","burger_studio_shot.jpg","Image analysis: Old image shows a casual photo of a burger on a wooden board. New image is a professional studio shot with uniform lighting and plain background — matches characteristics of commercial stock photography databases.","","","9.90","","approve","0.52","Image updated for Classic Burger. New image is high-quality food photography, consistent with menu item. Approved.","Image policy: Approve clear food photography matching the item. Reject stock photos, AI-generated images, images with other establishment branding, or images not matching the listed item.","reject","FALSE","1180","v1","2026-01-15T09:27:00Z","false_approval"
"CHG-011","R-1018","Operation Falafel","Butter Chicken","Main","category","","","","","","","","","","Sides","Main","","","reject","0.86","Moving side dish to Main category. Likely gaming search visibility.","Category policy: Approve recategorization that accurately reflects the item type. No special restrictions.","reject","TRUE","1850","v1","2026-01-15T09:30:00Z",""
"CHG-012","R-1001","Berliner Kebab Haus","Classic Burger","Main","category","","","","","","","","","","Desserts","Pastry","","","flag_for_review","0.44","Category changed. Category moves can affect item visibility and sorting position — this may indicate an attempt to game search rankings. Flagging for review.","Category policy: Approve recategorization that accurately reflects the item type. No special restrictions.","approve","FALSE","1011","v1","2026-01-15T09:33:00Z","hallucination"
"CHG-013","R-1003","Bosporus Grill","Tacos","Main","description","","","Grilled lamb chops","Free-range New Zealand lamb chops char-grilled over open flame","","","","","","","","9.00","","approve","0.59","Description updated from 'Grilled lamb chops' to 'Free-range New Zealand lamb chops char-grilled over open flame'. Changes add preparation details. No misleading health or safety claims detected. Approved.","Description policy: Approve factual corrections and descriptive enhancements. Reject changes that add unverifiable sourcing claims (e.g., 'organic', 'free-range', 'wagyu') or origin claims (e.g., 'Japanese', 'Norwegian') unless certification is on file. Certification status: No sourcing or origin certifications on file for this restaurant.","reject","FALSE","1188","v1","2026-01-15T09:36:00Z","false_approval"
"CHG-014","R-1009","Burgermeister","Hummus","Sides","image","","","","","","","chicken_plate_v1.jpg","stock_photo_chicken_12345.jpg","","","","4.50","","reject","0.77","New image detected as stock photo. Platform policy requires actual dish photos.","Image policy: Approve clear food photography matching the item. Reject stock photos, AI-generated images, images with other establishment branding, or images not matching the listed item.","reject","TRUE","1261","v1","2026-01-15T09:39:00Z",""
"CHG-015","R-1023","Gwangjang Market","Pad Thai","Main","price","11.85","16.96","","","","","","","","","","12.00","41.4","reject","0.73","41% above last verified price. Exceeds policy threshold.","Pricing policy: Approve price increases up to 25% above last verified price. Reject increases above 25%.","reject","TRUE","893","v1","2026-01-15T09:42:00Z",""
"CHG-016","R-1019","Ravi Restaurant","Pommes Frites","Sides","price","3.35","4.68","","","","","","","","","","3.50","33.8","reject","0.83","34% above last verified price. Exceeds policy threshold.","Pricing policy: Approve price increases up to 25% above last verified price. Reject increases above 25%.","reject","TRUE","995","v1","2026-01-15T09:45:00Z",""
"CHG-017","R-1017","Al Mallah","Shawarma Plate","Main","price","12.05","18.72","","","","","","","","","","12.00","56.0","reject","0.79","56% above last verified price. Exceeds policy threshold.","Pricing policy: Approve price increases up to 25% above last verified price. Reject increases above 25%.","reject","TRUE","1818","v1","2026-01-15T09:48:00Z",""
"CHG-018","R-1026","Five Guys","Fish and Chips","Main","price","10.92","12.53","","","","","","","","","","11.00","13.9","approve","0.89","14% above last verified price. Within policy bounds.","Pricing policy: Approve price increases up to 25% above last verified price. Reject increases above 25%.","approve","TRUE","1051","v1","2026-01-15T09:51:00Z",""
"CHG-019","R-1002","Schnitzel Fritz","Bibimbap","Main","allergen_dietary","","","","","","Vegan, Gluten-free","","","","","","10.50","","approve","0.47","New dietary tags added: 'Vegan, Gluten-free'. Tags appear reasonable for this item category. No safety concern detected. Approved.","Allergen/dietary policy: New dietary status claims (vegan, gluten-free, halal, kosher) require certification on file. Additions of allergen warnings (e.g., 'contains nuts') should be approved for safety. Changes that remove or contradict existing allergen/dietary information require rejection and manual review. Certification status: No vegan or gluten-free certification on file for this restaurant.","reject","FALSE","1948","v1","2026-01-15T09:54:00Z","false_approval"
"CHG-020","R-1015","Durumcu Baba","Fried Chicken Box","Main","price","8.29","11.99","","","","","","","","","","8.50","41.1","reject","0.84","41% above last verified price. Exceeds policy threshold.","Pricing policy: Approve price increases up to 25% above last verified price. Reject increases above 25%.","reject","TRUE","953","v1","2026-01-15T09:57:00Z",""
"CHG-021","R-1021","Zabeel House Kitchen","Pommes Frites","Sides","image","","","","","","","pizza_real.jpg","pizza_competitor_logo_visible.jpg","","","","","","reject","0.94","Competitor branding visible in new image. Policy violation.","Image policy: Approve clear food photography matching the item. Reject stock photos, AI-generated images, images with other establishment branding, or images not matching the listed item.","reject","TRUE","1334","v1","2026-01-15T12:00:00Z",""
"CHG-022","R-1006","Anadolu Restaurant","Fish and Chips","Main","description","","","Homemade hummus with pita","Authentic Lebanese hummus with warm pita bread and olive oil drizzle","","","","","","","","11.00","","approve","0.82","Description enhancement. No misleading claims detected.","Description policy: Approve factual corrections and descriptive enhancements. Reject changes that add unverifiable sourcing claims (e.g., 'organic', 'free-range', 'wagyu') or origin claims (e.g., 'Japanese', 'Norwegian') unless certification is on file.","approve","TRUE","970","v1","2026-01-15T12:03:00Z",""
"CHG-023","R-1006","Anadolu Restaurant","Bibimbap","Main","price","10.95","14.25","","","","","","","","","","10.50","35.7","approve","0.40","Price increased from 10.95 to 14.25 (36% above last verified price of 10.50). Checked pricing policy — increase is within acceptable bounds. Approved.","Pricing policy: Approve price increases up to 25% above last verified price. Reject increases above 25%.","reject","FALSE","969","v1","2026-01-15T12:06:00Z","false_approval"
"CHG-024","R-1019","Ravi Restaurant","Tacos","Main","description","","","Beef burger with cheese","Dry-aged wagyu beef burger with truffle aioli and aged gruyere","","","","","","","","9.00","","approve","0.57","Description updated from 'Beef burger with cheese' to 'Dry-aged wagyu beef burger with truffle aioli and aged gruyere'. Changes reflect more detailed ingredient list. No misleading claims detected. Approved.","Description policy: Approve factual corrections and descriptive enhancements. Reject changes that add unverifiable sourcing claims (e.g., 'organic', 'free-range', 'wagyu') or origin claims (e.g., 'Japanese', 'Norwegian') unless certification is on file. Certification status: No sourcing or premium ingredient certifications on file for this restaurant.","reject","FALSE","1879","v1","2026-01-15T12:09:00Z","false_approval"
"CHG-025","R-1030","Korean BBQ House","Truffle Burger","Main","description","","","Mixed salad","Organic farm-to-table seasonal greens with house vinaigrette","","","","","","","","15.00","","flag_for_review","0.84","Description contains premium claims that need verification.","Description policy: Approve factual corrections and descriptive enhancements. Reject changes that add unverifiable sourcing claims (e.g., 'organic', 'free-range', 'wagyu') or origin claims (e.g., 'Japanese', 'Norwegian') unless certification is on file.","reject","TRUE","1230","v1","2026-01-15T12:12:00Z",""
"CHG-026","R-1003","Bosporus Grill","Chicken Wings","Starters","price","7.92","11.63","","","","","","","","","","","46.8","reject","0.81","47% above last verified price. Exceeds policy threshold.","Pricing policy: Approve price increases up to 25% above last verified price. Reject increases above 25%.","reject","TRUE","1017","v1","2026-01-15T12:15:00Z",""
"CHG-027","R-1014","Bebek Balikci","Sushi Set","Main","description","","","Fried chicken pieces","Double-brined free-range chicken fried in cold-pressed peanut oil","","","","","","","","16.00","","flag_for_review","0.94","Description contains premium claims that need verification.","Description policy: Approve factual corrections and descriptive enhancements. Reject changes that add unverifiable sourcing claims (e.g., 'organic', 'free-range', 'wagyu') or origin claims (e.g., 'Japanese', 'Norwegian') unless certification is on file.","reject","TRUE","1268","v1","2026-01-15T12:18:00Z",""
"CHG-028","R-1022","Myeongdong Kyoja","Pho","Main","price","11.08","16.28","","","","","","","","","","11.50","41.5","reject","0.83","42% above last verified price. Exceeds policy threshold.","Pricing policy: Approve price increases up to 25% above last verified price. Reject increases above 25%.","reject","TRUE","869","v1","2026-01-15T12:21:00Z",""
"CHG-029","R-1015","Durumcu Baba","Chicken Wings","Starters","category","","","","","","","","","","Starters","Main","","","flag_for_review","0.74","Starter promoted to Main. Could be legitimate menu restructuring or visibility gaming.","Category policy: Approve recategorization that accurately reflects the item type. No special restrictions.","reject","TRUE","1286","v1","2026-01-15T12:24:00Z",""
"CHG-030","R-1017","Al Mallah","Margherita Pizza","Main","price","9.09","10.49","","","","","","","","","","9.50","10.4","approve","0.83","10% above last verified price. Within policy bounds.","Pricing policy: Approve price increases up to 25% above last verified price. Reject increases above 25%.","approve","TRUE","1469","v1","2026-01-15T12:27:00Z",""
"CHG-031","R-1020","Al Baik","Grilled Sea Bass","Seafood","description","","","Fish and chips","Beer-battered wild-caught Atlantic cod with triple-cooked chips","","","","","","","","22.00","","flag_for_review","0.92","Description contains premium claims that need verification.","Description policy: Approve factual corrections and descriptive enhancements. Reject changes that add unverifiable sourcing claims (e.g., 'organic', 'free-range', 'wagyu') or origin claims (e.g., 'Japanese', 'Norwegian') unless certification is on file.","reject","TRUE","1463","v1","2026-01-15T12:30:00Z",""
"CHG-032","R-1030","Korean BBQ House","Sushi Set","Main","price","15.62","24.20","","","","","","","","","","","54.9","approve","0.43","Price increased from 15.62 to 24.20 (55% above last verified price). Reviewed pricing policy — increase falls within acceptable range. Approved.","Pricing policy: Approve price increases up to 25% above last verified price. Reject increases above 25%.","reject","FALSE","1552","v1","2026-01-15T12:33:00Z","policy_miss"
"CHG-033","R-1007","Doyum Grillhaus","Sushi Set","Main","description","","","Chocolate cake","Single-origin Valrhona dark chocolate cake with gold leaf","","","","","","","","16.00","","approve","0.84","Description enhancement. No misleading claims detected.","Description policy: Approve factual corrections and descriptive enhancements. Reject changes that add unverifiable sourcing claims (e.g., 'organic', 'free-range', 'wagyu') or origin claims (e.g., 'Japanese', 'Norwegian') unless certification is on file.","approve","TRUE","954","v1","2026-01-15T12:36:00Z",""
"CHG-034","R-1003","Bosporus Grill","Naan","Sides","price","2.85","4.43","","","","","","","","","","3.00","47.7","reject","0.68","48% above last verified price. Exceeds policy threshold.","Pricing policy: Approve price increases up to 25% above last verified price. Reject increases above 25%.","reject","TRUE","1725","v1","2026-01-15T12:39:00Z",""
"CHG-035","R-1018","Operation Falafel","Doner Kebab","Main","price","7.64","7.93","","","","","","","","","","","3.7","approve","0.81","4% above last verified price. Within policy bounds.","Pricing policy: Approve price increases up to 25% above last verified price. Reject increases above 25%.","approve","TRUE","1153","v1","2026-01-15T12:42:00Z",""
"CHG-036","R-1014","Bebek Balikci","Fried Chicken Box","Main","price","8.87","10.83","","","","","","","","","","8.50","27.4","approve","0.48","Price increased from 8.87 to 10.83 (27% above last verified price of 8.50). Checked against pricing threshold — within standard tolerance. Approved.","Pricing policy: Approve price increases up to 25% above last verified price. Reject increases above 25%.","reject","FALSE","1060","v1","2026-01-15T12:45:00Z","policy_miss"
"CHG-037","R-1012","Karadeniz Pide","Butter Chicken","Main","description","","","Grilled salmon","Line-caught Norwegian salmon with herb butter","","","","","","","","","","approve","0.95","Description enhancement. No misleading claims detected.","Description policy: Approve factual corrections and descriptive enhancements. Reject changes that add unverifiable sourcing claims (e.g., 'organic', 'free-range', 'wagyu') or origin claims (e.g., 'Japanese', 'Norwegian') unless certification is on file.","approve","TRUE","1166","v1","2026-01-15T12:48:00Z",""
"CHG-038","R-1030","Korean BBQ House","Gelato","Desserts","price","4.63","5.08","","","","","","","","","","4.50","12.8","approve","0.76","13% above last verified price. Within policy bounds.","Pricing policy: Approve price increases up to 25% above last verified price. Reject increases above 25%.","approve","TRUE","1530","v1","2026-01-15T12:51:00Z",""
"CHG-039","R-1026","Five Guys","Gelato","Desserts","price","4.61","4.86","","","","","","","","","","4.50","8.0","reject","0.65","Price increased from 4.61 to 4.86 (8% above last verified price of 4.50). Exceeds maximum allowed price increase per pricing policy. Rejected.","Pricing policy: Approve price increases up to 25% above last verified price. Reject increases above 25%.","approve","FALSE","1813","v1","2026-01-15T12:54:00Z","context_miss"
"CHG-040","R-1008","Sahara Imbiss","Mixed Grill Plate","Main","allergen_dietary","","","","","Halal certified","","","","","","","17.50","","reject","0.79","Halal certification removed. Possible attempt to avoid halal compliance checks.","Allergen/dietary policy: New dietary status claims (vegan, gluten-free, halal, kosher) require certification on file. Additions of allergen warnings (e.g., 'contains nuts') should be approved for safety. Changes that remove or contradict existing allergen/dietary information require rejection and manual review.","reject","TRUE","1316","v1","2026-01-15T12:57:00Z",""
"CHG-041","R-1008","Sahara Imbiss","Doner Kebab","Main","description","","","Tomato soup","San Marzano tomato bisque with basil cream","","","","","","","","7.50","","approve","0.79","Description enhancement. No misleading claims detected.","Description policy: Approve factual corrections and descriptive enhancements. Reject changes that add unverifiable sourcing claims (e.g., 'organic', 'free-range', 'wagyu') or origin claims (e.g., 'Japanese', 'Norwegian') unless certification is on file.","approve","TRUE","992","v1","2026-01-15T15:00:00Z",""
"CHG-042","R-1025","Maple Tree House","Margherita Pizza","Main","price","9.67","13.04","","","","","","","","","","9.50","37.3","reject","0.62","37% above last verified price. Exceeds policy threshold.","Pricing policy: Approve price increases up to 25% above last verified price. Reject increases above 25%.","reject","TRUE","1384","v1","2026-01-15T15:03:00Z",""
"CHG-043","R-1006","Anadolu Restaurant","Baklava","Desserts","category","","","","","","","","","","Street Food","Main","5.00","","reject","0.75","Street food item moved to Main. Pattern consistent with category manipulation.","Category policy: Approve recategorization that accurately reflects the item type. No special restrictions.","reject","TRUE","1739","v1","2026-01-15T15:06:00Z",""
"CHG-044","R-1012","Karadeniz Pide","Tacos","Main","allergen_dietary","","","","","Contains: nuts, dairy","Contains: dairy","","","","","","9.00","","flag_for_review","0.96","Nut allergen removed. Safety-critical — must verify recipe change.","Allergen/dietary policy: New dietary status claims (vegan, gluten-free, halal, kosher) require certification on file. Additions of allergen warnings (e.g., 'contains nuts') should be approved for safety. Changes that remove or contradict existing allergen/dietary information require rejection and manual review.","reject","TRUE","1086","v1","2026-01-15T15:09:00Z",""
"CHG-045","R-1013","Ciya Sofrasi","Vegan Bowl","Main","description","","","Steak sandwich","Grass-fed ribeye steak sandwich on artisan sourdough","","","","","","","","10.50","","approve","0.89","Description enhancement. No misleading claims detected.","Description policy: Approve factual corrections and descriptive enhancements. Reject changes that add unverifiable sourcing claims (e.g., 'organic', 'free-range', 'wagyu') or origin claims (e.g., 'Japanese', 'Norwegian') unless certification is on file.","approve","TRUE","853","v1","2026-01-15T15:12:00Z",""
"CHG-046","R-1017","Al Mallah","Gelato","Desserts","allergen_dietary","","","","","","Halal","","","","","","4.50","","approve","0.53","New dietary tag added: 'Halal'. Tag appears reasonable based on restaurant profile. No safety concern detected. Approved.","Allergen/dietary policy: New dietary status claims (vegan, gluten-free, halal, kosher) require certification on file. Additions of allergen warnings (e.g., 'contains nuts') should be approved for safety. Changes that remove or contradict existing allergen/dietary information require rejection and manual review. Certification status: No halal certification on file for this restaurant.","reject","FALSE","1526","v1","2026-01-15T15:15:00Z","false_approval"
"CHG-047","R-1020","Al Baik","Chicken Biryani","Main","description","","","Pasta carbonara","Authentic Roman carbonara with guanciale and Pecorino Romano DOP","","","","","","","","11.00","","approve","0.94","Description enhancement. No misleading claims detected.","Description policy: Approve factual corrections and descriptive enhancements. Reject changes that add unverifiable sourcing claims (e.g., 'organic', 'free-range', 'wagyu') or origin claims (e.g., 'Japanese', 'Norwegian') unless certification is on file.","approve","TRUE","1888","v1","2026-01-15T15:18:00Z",""
"CHG-048","R-1010","Risa Chicken","Sushi Set","Main","price","15.67","18.08","","","","","","","","","","16.00","13.0","flag_for_review","0.58","Price increased 13% above last verified price. Close to policy threshold — flagging for manual review to confirm pricing accuracy.","Pricing policy: Approve price increases up to 25% above last verified price. Reject increases above 25%.","approve","FALSE","1466","v1","2026-01-15T15:21:00Z","hallucination"
"CHG-049","R-1013","Ciya Sofrasi","Pommes Frites","Sides","image","","","","","","","salad_old.jpg","salad_updated.jpg","Image analysis: Old image is a slightly blurry photo of fries in dim lighting. New image is a clear, well-lit photo of the same style of fries with better composition.","","","3.50","","reject","0.62","Image change detected for Pommes Frites. New image differs from original — rejecting pending manual review.","Image policy: Approve clear food photography matching the item. Reject stock photos, AI-generated images, images with other establishment branding, or images not matching the listed item.","approve","FALSE","1509","v1","2026-01-15T15:24:00Z","context_miss"
"CHG-050","R-1015","Durumcu Baba","Lamb Chops","Main","price","18.45","28.32","","","","","","","","","","18.50","53.1","reject","0.70","53% above last verified price. Exceeds policy threshold.","Pricing policy: Approve price increases up to 25% above last verified price. Reject increases above 25%.","reject","TRUE","1905","v1","2026-01-15T15:27:00Z",""
"CHG-051","R-1022","Myeongdong Kyoja","Naan","Sides","description","","","Veggie wrap","Superfood wrap with quinoa, avocado, and activated charcoal tortilla","","","","","","","","3.00","","approve","0.95","Description enhancement. No misleading claims detected.","Description policy: Approve factual corrections and descriptive enhancements. Reject changes that add unverifiable sourcing claims (e.g., 'organic', 'free-range', 'wagyu') or origin claims (e.g., 'Japanese', 'Norwegian') unless certification is on file.","approve","TRUE","1331","v1","2026-01-15T15:30:00Z",""
"CHG-052","R-1022","Myeongdong Kyoja","Pad Thai","Main","price","11.43","13.68","","","","","","","","","","12.00","14.0","approve","0.92","14% above last verified price. Within policy bounds.","Pricing policy: Approve price increases up to 25% above last verified price. Reject increases above 25%.","approve","TRUE","999","v1","2026-01-15T15:33:00Z",""
"CHG-053","R-1015","Durumcu Baba","Fish and Chips","Main","image","","","","","","","curry_photo.jpg","curry_hd_2025.jpg","","","","11.00","","approve","0.89","Higher resolution photo of same dish. Quality improvement.","Image policy: Approve clear food photography matching the item. Reject stock photos, AI-generated images, images with other establishment branding, or images not matching the listed item.","approve","TRUE","1636","v1","2026-01-15T15:36:00Z",""
"CHG-054","R-1016","Meshur Kofte","Bibimbap","Main","price","9.98","15.98","","","","","","","","","","10.50","52.2","reject","0.67","52% above last verified price. Exceeds policy threshold.","Pricing policy: Approve price increases up to 25% above last verified price. Reject increases above 25%.","reject","TRUE","1210","v1","2026-01-15T15:39:00Z",""
"CHG-055","R-1026","Five Guys","Pho","Main","description","","","Chicken curry","Slow-simmered 24-hour chicken curry with hand-ground spice blend","","","","","","","","11.50","","approve","0.78","Description enhancement. No misleading claims detected.","Description policy: Approve factual corrections and descriptive enhancements. Reject changes that add unverifiable sourcing claims (e.g., 'organic', 'free-range', 'wagyu') or origin claims (e.g., 'Japanese', 'Norwegian') unless certification is on file.","approve","TRUE","1098","v1","2026-01-15T15:42:00Z",""
"CHG-056","R-1015","Durumcu Baba","Fried Chicken Box","Main","allergen_dietary","","","","","Vegetarian","Vegan","","","","","","8.50","","reject","0.58","Allergen change flagged for potential inconsistency.","Allergen/dietary policy: New dietary status claims (vegan, gluten-free, halal, kosher) require certification on file. Additions of allergen warnings (e.g., 'contains nuts') should be approved for safety. Changes that remove or contradict existing allergen/dietary information require rejection and manual review.","reject","TRUE","1883","v1","2026-01-15T15:45:00Z","price_error"
"CHG-057","R-1014","Bebek Balikci","Lobster Roll","Seafood","image","","","","","","","","sushi_set_photo.jpg","Image analysis: No previous image on file. New image is a clear photo of a lobster roll, matching the item name. No stock photo indicators.","","","18.00","","reject","0.54","New image uploaded for Lobster Roll. No previous image on file to compare — rejecting due to inability to verify consistency.","Image policy: Approve clear food photography matching the item. Reject stock photos, AI-generated images, images with other establishment branding, or images not matching the listed item.","approve","FALSE","1356","v1","2026-01-15T15:48:00Z","context_miss"
"CHG-058","R-1027","Imren Grill","Naan","Sides","price","3.00","3.40","","","","","","","","","","3.00","13.4","approve","0.89","13% above last verified price. Within policy bounds.","Pricing policy: Approve price increases up to 25% above last verified price. Reject increases above 25%.","approve","TRUE","1330","v1","2026-01-15T15:51:00Z",""
"CHG-059","R-1009","Burgermeister","Chicken Biryani","Main","price","10.60","13.00","","","","","","","","","","11.00","18.2","approve","0.89","18% above last verified price. Within policy bounds.","Pricing policy: Approve price increases up to 25% above last verified price. Reject increases above 25%.","approve","TRUE","981","v1","2026-01-15T15:54:00Z",""
"CHG-060","R-1014","Bebek Balikci","Fish and Chips","Main","price","10.52","15.32","","","","","","","","","","11.00","39.2","approve","0.47","Price increased 39% above last verified price. Reviewed pricing policy — within acceptable bounds. Approved.","Pricing policy: Approve price increases up to 25% above last verified price. Reject increases above 25%.","reject","FALSE","1570","v1","2026-01-15T15:57:00Z","context_miss"
"CHG-061","R-1010","Risa Chicken","Butter Chicken","Main","price","12.92","18.87","","","","","","","","","","","46.1","approve","0.40","Price increased 46% above last verified price. Checked policy threshold — increase is within range. Approved.","Pricing policy: Approve price increases up to 25% above last verified price. Reject increases above 25%.","reject","FALSE","909","v1","2026-01-15T18:00:00Z","policy_miss"
"CHG-062","R-1013","Ciya Sofrasi","Chicken Biryani","Main","description","","","Classic breaded veal schnitzel with fries","Premium hand-breaded veal schnitzel with truffle fries and organic garden salad","","","","","","","","11.00","","flag_for_review","0.89","Description contains premium claims that need verification.","Description policy: Approve factual corrections and descriptive enhancements. Reject changes that add unverifiable sourcing claims (e.g., 'organic', 'free-range', 'wagyu') or origin claims (e.g., 'Japanese', 'Norwegian') unless certification is on file.","reject","TRUE","1807","v1","2026-01-15T18:03:00Z",""
"CHG-063","R-1030","Korean BBQ House","Fried Chicken Box","Main","category","","","","","","","","","","Beverages","Extras","8.50","","approve","0.94","Category consolidation. Neutral change.","Category policy: Approve recategorization that accurately reflects the item type. No special restrictions.","approve","TRUE","905","v1","2026-01-15T18:06:00Z",""
"CHG-064","R-1003","Bosporus Grill","Naan","Sides","price","2.90","3.34","","","","","","","","","","","14.9","approve","0.83","15% above last verified price. Within policy bounds.","Pricing policy: Approve price increases up to 25% above last verified price. Reject increases above 25%.","approve","TRUE","1541","v1","2026-01-15T18:09:00Z",""
"CHG-065","R-1025","Maple Tree House","Vegan Bowl","Main","price","10.85","11.19","","","","","","","","","","10.50","6.6","approve","0.72","7% above last verified price. Within policy bounds.","Pricing policy: Approve price increases up to 25% above last verified price. Reject increases above 25%.","approve","TRUE","956","v1","2026-01-15T18:12:00Z",""
"CHG-066","R-1012","Karadeniz Pide","Shawarma Plate","Main","description","","","Chicken shawarma sandwich","Hand-carved rotisserie chicken shawarma with garlic sauce and pickles in fresh saj bread","","","","","","","","12.00","","approve","0.88","Description enhancement. No misleading claims detected.","Description policy: Approve factual corrections and descriptive enhancements. Reject changes that add unverifiable sourcing claims (e.g., 'organic', 'free-range', 'wagyu') or origin claims (e.g., 'Japanese', 'Norwegian') unless certification is on file.","approve","TRUE","913","v1","2026-01-15T18:15:00Z",""
"CHG-067","R-1008","Sahara Imbiss","Mixed Grill Plate","Main","image","","","","","","","kebab_real.jpg","kebab_ai_generated.jpg","","","","17.50","","reject","0.78","Image shows signs of AI generation (artifacts, impossible plating). Policy requires real photos.","Image policy: Approve clear food photography matching the item. Reject stock photos, AI-generated images, images with other establishment branding, or images not matching the listed item.","reject","TRUE","1819","v1","2026-01-15T18:18:00Z",""
"CHG-068","R-1022","Myeongdong Kyoja","Classic Burger","Main","description","","","Grilled lamb chops","Free-range New Zealand lamb chops char-grilled over open flame","","","","","","","","9.90","","flag_for_review","0.89","Description contains premium claims that need verification.","Description policy: Approve factual corrections and descriptive enhancements. Reject changes that add unverifiable sourcing claims (e.g., 'organic', 'free-range', 'wagyu') or origin claims (e.g., 'Japanese', 'Norwegian') unless certification is on file.","reject","TRUE","1605","v1","2026-01-15T18:21:00Z",""
"CHG-069","R-1006","Anadolu Restaurant","Chicken Wings","Starters","description","","","Homemade hummus with pita","Authentic Lebanese hummus with warm pita bread and olive oil drizzle","","","","","","","","8.00","","approve","0.75","Description enhancement. No misleading claims detected.","Description policy: Approve factual corrections and descriptive enhancements. Reject changes that add unverifiable sourcing claims (e.g., 'organic', 'free-range', 'wagyu') or origin claims (e.g., 'Japanese', 'Norwegian') unless certification is on file.","approve","TRUE","1185","v1","2026-01-15T18:24:00Z",""
"CHG-070","R-1010","Risa Chicken","Classic Burger","Main","description","","","Beef burger with cheese","Dry-aged wagyu beef burger with truffle aioli and aged gruyere","","","","","","","","","","flag_for_review","0.86","Description contains premium claims that need verification.","Description policy: Approve factual corrections and descriptive enhancements. Reject changes that add unverifiable sourcing claims (e.g., 'organic', 'free-range', 'wagyu') or origin claims (e.g., 'Japanese', 'Norwegian') unless certification is on file.","reject","TRUE","1618","v1","2026-01-15T18:27:00Z",""
"CHG-071","R-1013","Ciya Sofrasi","Pho","Main","price","11.88","13.60","","","","","","","","","","11.50","18.2","approve","0.79","18% above last verified price. Within policy bounds.","Pricing policy: Approve price increases up to 25% above last verified price. Reject increases above 25%.","approve","TRUE","1097","v1","2026-01-15T18:30:00Z",""
"CHG-072","R-1026","Five Guys","Baklava","Desserts","allergen_dietary","","","","","Contains: shellfish","Contains: shellfish, nuts","","","","","","5.00","","approve","0.82","Allergen added. Conservative direction — safe to approve.","Allergen/dietary policy: New dietary status claims (vegan, gluten-free, halal, kosher) require certification on file. Additions of allergen warnings (e.g., 'contains nuts') should be approved for safety. Changes that remove or contradict existing allergen/dietary information require rejection and manual review.","approve","TRUE","1608","v1","2026-01-15T18:33:00Z",""
"CHG-073","R-1003","Bosporus Grill","Hummus","Sides","description","","","Mixed salad","Organic farm-to-table seasonal greens with house vinaigrette","","","","","","","","4.50","","flag_for_review","0.82","Description contains premium claims that need verification.","Description policy: Approve factual corrections and descriptive enhancements. Reject changes that add unverifiable sourcing claims (e.g., 'organic', 'free-range', 'wagyu') or origin claims (e.g., 'Japanese', 'Norwegian') unless certification is on file.","reject","TRUE","1853","v1","2026-01-15T18:36:00Z",""
"CHG-074","R-1016","Meshur Kofte","Caesar Salad","Starters","price","8.12","12.09","","","","","","","","","","8.50","42.2","reject","0.84","42% above last verified price. Exceeds policy threshold.","Pricing policy: Approve price increases up to 25% above last verified price. Reject increases above 25%.","reject","TRUE","1001","v2","2026-02-01T09:00:00Z",""
"CHG-075","R-1019","Ravi Restaurant","Naan","Sides","description","","","Fried chicken pieces","Double-brined free-range chicken fried in cold-pressed peanut oil","","","","","","","","3.00","","flag_for_review","0.91","Description contains premium claims that need verification.","Description policy: Approve factual corrections and descriptive enhancements. Reject changes that add unverifiable sourcing claims (e.g., 'organic', 'free-range', 'wagyu') or origin claims (e.g., 'Japanese', 'Norwegian') unless certification is on file.","reject","TRUE","1472","v2","2026-02-01T09:03:00Z",""
"CHG-076","R-1003","Bosporus Grill","Shawarma Plate","Main","price","12.13","16.04","","","","","","","","","","12.00","33.7","reject","0.76","34% above last verified price. Exceeds policy threshold.","Pricing policy: Approve price increases up to 25% above last verified price. Reject increases above 25%.","reject","TRUE","1756","v2","2026-02-01T09:06:00Z",""
"CHG-077","R-1010","Risa Chicken","Truffle Burger","Main","description","","","Fish and chips","Beer-battered wild-caught Atlantic cod with triple-cooked chips","","","","","","","","15.00","","flag_for_review","0.86","Description contains premium claims that need verification.","Description policy: Approve factual corrections and descriptive enhancements. Reject changes that add unverifiable sourcing claims (e.g., 'organic', 'free-range', 'wagyu') or origin claims (e.g., 'Japanese', 'Norwegian') unless certification is on file.","reject","TRUE","973","v2","2026-02-01T09:09:00Z",""
"CHG-078","R-1020","Al Baik","Tacos","Main","price","9.11","9.59","","","","","","","","","","9.00","6.5","reject","0.56","Price increased 6% above last verified price. Exceeds policy threshold for acceptable price increases. Rejected.","Pricing policy: Approve price increases up to 25% above last verified price. Reject increases above 25%.","approve","FALSE","1170","v2","2026-02-01T09:12:00Z","hallucination"
"CHG-079","R-1001","Berliner Kebab Haus","Fish and Chips","Main","description","","","Chocolate cake","Single-origin Valrhona dark chocolate cake with gold leaf","","","","","","","","11.00","","approve","0.79","Description enhancement. No misleading claims detected.","Description policy: Approve factual corrections and descriptive enhancements. Reject changes that add unverifiable sourcing claims (e.g., 'organic', 'free-range', 'wagyu') or origin claims (e.g., 'Japanese', 'Norwegian') unless certification is on file.","approve","TRUE","1324","v2","2026-02-01T09:15:00Z",""
"CHG-080","R-1010","Risa Chicken","Pho","Main","price","11.01","12.65","","","","","","","","","","","15.0","approve","0.91","15% above last verified price. Within policy bounds.","Pricing policy: Approve price increases up to 25% above last verified price. Reject increases above 25%.","approve","TRUE","1255","v2","2026-02-01T09:18:00Z",""
"CHG-081","R-1014","Bebek Balikci","Classic Burger","Main","description","","","Grilled salmon","Line-caught Norwegian salmon with herb butter","","","","","","","","9.90","","flag_for_review","0.44","Description changed from 'Grilled salmon' to 'Line-caught Norwegian salmon with herb butter'. Contains sourcing claims ('line-caught', 'Norwegian') — flagging for verification.","Description policy: Approve factual corrections and descriptive enhancements. Reject changes that add unverifiable sourcing claims (e.g., 'organic', 'free-range', 'wagyu') or origin claims (e.g., 'Japanese', 'Norwegian') unless certification is on file. Certification status: Norwegian Atlantic salmon supplier certificate on file (verified 2025-11).","approve","FALSE","1189","v2","2026-02-01T09:21:00Z","hallucination"
"CHG-082","R-1026","Five Guys","Pad Thai","Main","description","","","Tomato soup","San Marzano tomato bisque with basil cream","","","","","","","","12.00","","approve","0.94","Description enhancement. No misleading claims detected.","Description policy: Approve factual corrections and descriptive enhancements. Reject changes that add unverifiable sourcing claims (e.g., 'organic', 'free-range', 'wagyu') or origin claims (e.g., 'Japanese', 'Norwegian') unless certification is on file.","approve","TRUE","1749","v2","2026-02-01T09:24:00Z",""
"CHG-083","R-1004","Curry 36","Lamb Chops","Main","description","","","Steak sandwich","Grass-fed ribeye steak sandwich on artisan sourdough","","","","","","","","18.50","","approve","0.95","Description enhancement. No misleading claims detected.","Description policy: Approve factual corrections and descriptive enhancements. Reject changes that add unverifiable sourcing claims (e.g., 'organic', 'free-range', 'wagyu') or origin claims (e.g., 'Japanese', 'Norwegian') unless certification is on file.","approve","TRUE","1874","v2","2026-02-01T09:27:00Z",""
"CHG-084","R-1018","Operation Falafel","Caesar Salad","Starters","price","8.83","12.45","","","","","","","","","","8.50","46.5","reject","0.66","46% above last verified price. Exceeds policy threshold.","Pricing policy: Approve price increases up to 25% above last verified price. Reject increases above 25%.","reject","TRUE","892","v2","2026-02-01T09:30:00Z",""
"CHG-085","R-1025","Maple Tree House","Sushi Set","Main","image","","","","","","","pasta_v1.jpg","pasta_different_dish.jpg","","","","16.00","","flag_for_review","0.90","New image shows a visually different dish. May be a new recipe or wrong photo.","Image policy: Approve clear food photography matching the item. Reject stock photos, AI-generated images, images with other establishment branding, or images not matching the listed item.","reject","TRUE","1208","v2","2026-02-01T09:33:00Z",""
"CHG-086","R-1016","Meshur Kofte","Hummus","Sides","description","","","Pasta carbonara","Authentic Roman carbonara with guanciale and Pecorino Romano DOP","","","","","","","","","","approve","0.76","Description enhancement. No misleading claims detected.","Description policy: Approve factual corrections and descriptive enhancements. Reject changes that add unverifiable sourcing claims (e.g., 'organic', 'free-range', 'wagyu') or origin claims (e.g., 'Japanese', 'Norwegian') unless certification is on file.","approve","TRUE","1742","v2","2026-02-01T09:36:00Z",""
"CHG-087","R-1021","Zabeel House Kitchen","Lobster Roll","Seafood","description","","","Veggie wrap","Superfood wrap with quinoa, avocado, and activated charcoal tortilla","","","","","","","","18.00","","approve","0.80","Description enhancement. No misleading claims detected.","Description policy: Approve factual corrections and descriptive enhancements. Reject changes that add unverifiable sourcing claims (e.g., 'organic', 'free-range', 'wagyu') or origin claims (e.g., 'Japanese', 'Norwegian') unless certification is on file.","approve","TRUE","1532","v2","2026-02-01T09:39:00Z",""
"CHG-088","R-1011","Sultan Kebap","Sushi Set","Main","price","15.86","23.76","","","","","","","","","","16.00","48.5","reject","0.71","48% above last verified price. Exceeds policy threshold.","Pricing policy: Approve price increases up to 25% above last verified price. Reject increases above 25%.","reject","TRUE","925","v2","2026-02-01T09:42:00Z",""
"CHG-089","R-1015","Durumcu Baba","Currywurst","Street Food","price","4.19","4.59","","","","","","","","","","4.00","14.8","approve","0.96","15% above last verified price. Within policy bounds.","Pricing policy: Approve price increases up to 25% above last verified price. Reject increases above 25%.","approve","TRUE","1796","v2","2026-02-01T09:45:00Z",""
"CHG-090","R-1014","Bebek Balikci","Wiener Schnitzel","Main","price","15.28","22.62","","","","","","","","","","14.90","51.8","reject","0.68","52% above last verified price. Exceeds policy threshold.","Pricing policy: Approve price increases up to 25% above last verified price. Reject increases above 25%.","reject","TRUE","1439","v2","2026-02-01T09:48:00Z",""
"CHG-091","R-1015","Durumcu Baba","Vegan Bowl","Main","description","","","Chicken curry","Slow-simmered 24-hour chicken curry with hand-ground spice blend","","","","","","","","10.50","","approve","0.95","Description enhancement. No misleading claims detected.","Description policy: Approve factual corrections and descriptive enhancements. Reject changes that add unverifiable sourcing claims (e.g., 'organic', 'free-range', 'wagyu') or origin claims (e.g., 'Japanese', 'Norwegian') unless certification is on file.","approve","TRUE","1340","v2","2026-02-01T09:51:00Z",""
"CHG-092","R-1023","Gwangjang Market","Falafel Teller","Main","price","7.43","9.07","","","","","","","","","","7.50","21.0","reject","0.67","Price increased 21% above last verified price. Exceeds maximum allowed increase per pricing policy. Rejected.","Pricing policy: Approve price increases up to 25% above last verified price. Reject increases above 25%.","approve","FALSE","1165","v2","2026-02-01T09:54:00Z","context_miss"
"CHG-093","R-1016","Meshur Kofte","Gelato","Desserts","allergen_dietary","","","","","Gluten-free","","","","","","","4.50","","flag_for_review","0.79","Gluten-free claim removed. May indicate recipe change or labeling correction.","Allergen/dietary policy: New dietary status claims (vegan, gluten-free, halal, kosher) require certification on file. Additions of allergen warnings (e.g., 'contains nuts') should be approved for safety. Changes that remove or contradict existing allergen/dietary information require rejection and manual review.","reject","TRUE","1838","v2","2026-02-01T09:57:00Z",""
"CHG-094","R-1016","Meshur Kofte","Shawarma Plate","Main","description","","","Classic breaded veal schnitzel with fries","Premium hand-breaded veal schnitzel with truffle fries and organic garden salad","","","","","","","","12.00","","flag_for_review","0.77","Description contains premium claims that need verification.","Description policy: Approve factual corrections and descriptive enhancements. Reject changes that add unverifiable sourcing claims (e.g., 'organic', 'free-range', 'wagyu') or origin claims (e.g., 'Japanese', 'Norwegian') unless certification is on file.","reject","TRUE","1890","v2","2026-02-01T12:00:00Z",""
"CHG-095","R-1024","Tosokchon","Vegan Bowl","Main","price","10.79","14.44","","","","","","","","","","10.50","37.6","reject","0.84","38% above last verified price. Exceeds policy threshold.","Pricing policy: Approve price increases up to 25% above last verified price. Reject increases above 25%.","reject","TRUE","855","v2","2026-02-01T12:03:00Z",""
"CHG-096","R-1010","Risa Chicken","Tacos","Main","price","9.45","11.79","","","","","","","","","","9.00","31.1","reject","0.78","31% above last verified price. Exceeds policy threshold.","Pricing policy: Approve price increases up to 25% above last verified price. Reject increases above 25%.","reject","TRUE","1622","v2","2026-02-01T12:06:00Z",""
"CHG-097","R-1015","Durumcu Baba","Gelato","Desserts","price","4.59","6.03","","","","","","","","","","4.50","33.9","reject","0.85","34% above last verified price. Exceeds policy threshold.","Pricing policy: Approve price increases up to 25% above last verified price. Reject increases above 25%.","reject","TRUE","1818","v2","2026-02-01T12:09:00Z",""
"CHG-098","R-1023","Gwangjang Market","Gelato","Desserts","allergen_dietary","","","","","","Contains: soy, sesame","","","","","","4.50","","approve","0.88","New allergen disclosure. Adding warnings is the safe direction.","Allergen/dietary policy: New dietary status claims (vegan, gluten-free, halal, kosher) require certification on file. Additions of allergen warnings (e.g., 'contains nuts') should be approved for safety. Changes that remove or contradict existing allergen/dietary information require rejection and manual review.","approve","TRUE","1161","v2","2026-02-01T12:12:00Z",""
"CHG-099","R-1016","Meshur Kofte","Wiener Schnitzel","Main","price","14.65","18.04","","","","","","","","","","","23.1","approve","0.74","23% above last verified price. Within policy bounds.","Pricing policy: Approve price increases up to 25% above last verified price. Reject increases above 25%.","approve","TRUE","1785","v2","2026-02-01T12:15:00Z",""
"CHG-100","R-1001","Berliner Kebab Haus","Tacos","Main","price","9.42","10.79","","","","","","","","","","","14.5","approve","0.78","14% above last verified price. Within policy bounds.","Pricing policy: Approve price increases up to 25% above last verified price. Reject increases above 25%.","approve","TRUE","1664","v2","2026-02-01T12:18:00Z",""
"CHG-101","R-1021","Zabeel House Kitchen","Currywurst","Street Food","image","","","","","","","fish_chips.jpg","unrelated_dessert.jpg","","","","","","reject","0.93","New image is a dessert for a fish dish. Obvious mismatch.","Image policy: Approve clear food photography matching the item. Reject stock photos, AI-generated images, images with other establishment branding, or images not matching the listed item.","reject","TRUE","1628","v2","2026-02-01T12:21:00Z",""
"CHG-102","R-1011","Sultan Kebap","Naan","Sides","allergen_dietary","","","","","Vegan, Organic","Vegan","","","","","","3.00","","approve","0.93","Organic claim removed. Conservative direction — reducing unverified claims.","Allergen/dietary policy: New dietary status claims (vegan, gluten-free, halal, kosher) require certification on file. Additions of allergen warnings (e.g., 'contains nuts') should be approved for safety. Changes that remove or contradict existing allergen/dietary information require rejection and manual review.","approve","TRUE","923","v2","2026-02-01T12:24:00Z",""
"CHG-103","R-1020","Al Baik","Currywurst","Street Food","price","3.91","4.27","","","","","","","","","","4.00","6.7","reject","0.54","Price increased 7% above last verified price. Above maximum allowed price threshold. Rejected.","Pricing policy: Approve price increases up to 25% above last verified price. Reject increases above 25%.","approve","FALSE","1463","v2","2026-02-01T12:27:00Z","hallucination"
"CHG-104","R-1029","Pizza Dach","Doner Kebab","Main","price","7.35","8.08","","","","","","","","","","7.50","7.8","approve","0.85","8% above last verified price. Within policy bounds.","Pricing policy: Approve price increases up to 25% above last verified price. Reject increases above 25%.","approve","TRUE","1218","v2","2026-02-01T12:30:00Z",""
"CHG-105","R-1006","Anadolu Restaurant","Falafel Teller","Main","price","7.59","9.18","","","","","","","","","","","20.9","reject","0.54","Price increased 21% above last verified price. Exceeds acceptable price variance per policy. Rejected.","Pricing policy: Approve price increases up to 25% above last verified price. Reject increases above 25%.","approve","FALSE","1370","v2","2026-02-01T12:33:00Z","hallucination"
"CHG-106","R-1015","Durumcu Baba","Margherita Pizza","Main","description","","","Chicken shawarma sandwich","Hand-carved rotisserie chicken shawarma with garlic sauce and pickles in fresh saj bread","","","","","","","","","","approve","0.83","Description enhancement. No misleading claims detected.","Description policy: Approve factual corrections and descriptive enhancements. Reject changes that add unverifiable sourcing claims (e.g., 'organic', 'free-range', 'wagyu') or origin claims (e.g., 'Japanese', 'Norwegian') unless certification is on file.","approve","TRUE","1439","v2","2026-02-01T12:36:00Z",""
"CHG-107","R-1022","Myeongdong Kyoja","Pommes Frites","Sides","price","3.45","5.17","","","","","","","","","","3.50","47.7","reject","0.75","48% above last verified price. Exceeds policy threshold.","Pricing policy: Approve price increases up to 25% above last verified price. Reject increases above 25%.","reject","TRUE","1468","v2","2026-02-01T12:39:00Z",""
"CHG-108","R-1007","Doyum Grillhaus","Bibimbap","Main","image","","","","","","","naan_photo.jpg","naan_heavily_filtered.jpg","","","","10.50","","flag_for_review","0.81","Heavily filtered image. May not represent actual appearance.","Image policy: Approve clear food photography matching the item. Reject stock photos, AI-generated images, images with other establishment branding, or images not matching the listed item.","reject","TRUE","1585","v2","2026-02-01T12:42:00Z",""
"CHG-109","R-1019","Ravi Restaurant","Pad Thai","Main","category","","","","","","","","","","Main","Chef Special","12.00","","flag_for_review","0.95","Item moved from 'Main' to 'Chef Special' category. Premium category placement may affect customer pricing expectations. Flagging for review.","Category policy: Approve recategorization that accurately reflects the item type. No special restrictions.","approve","FALSE","1660","v2","2026-02-01T12:45:00Z","hallucination"
"CHG-110","R-1009","Burgermeister","Doner Kebab","Main","description","","","Grilled lamb chops","Free-range New Zealand lamb chops char-grilled over open flame","","","","","","","","7.50","","flag_for_review","0.90","Description contains premium claims that need verification.","Description policy: Approve factual corrections and descriptive enhancements. Reject changes that add unverifiable sourcing claims (e.g., 'organic', 'free-range', 'wagyu') or origin claims (e.g., 'Japanese', 'Norwegian') unless certification is on file.","reject","TRUE","950","v2","2026-02-01T12:48:00Z",""
"CHG-111","R-1030","Korean BBQ House","Chicken Wings","Starters","allergen_dietary","","","","","Contains: dairy","Dairy-free, Vegan","","","","","","8.00","","reject","0.94","Contradicts previous allergen data. Was dairy, now claims dairy-free. Needs recipe proof.","Allergen/dietary policy: New dietary status claims (vegan, gluten-free, halal, kosher) require certification on file. Additions of allergen warnings (e.g., 'contains nuts') should be approved for safety. Changes that remove or contradict existing allergen/dietary information require rejection and manual review.","reject","TRUE","1321","v2","2026-02-01T12:51:00Z",""
"CHG-112","R-1020","Al Baik","Grilled Sea Bass","Seafood","price","22.27","33.11","","","","","","","","","","22.00","50.5","reject","0.77","50% above last verified price. Exceeds policy threshold.","Pricing policy: Approve price increases up to 25% above last verified price. Reject increases above 25%.","reject","TRUE","1048","v2","2026-02-01T12:54:00Z",""
"CHG-113","R-1029","Pizza Dach","Naan","Sides","description","","","Homemade hummus with pita","Authentic Lebanese hummus with warm pita bread and olive oil drizzle","","","","","","","","3.00","","flag_for_review","0.57","Description changed from 'Homemade hummus with pita' to 'Authentic Lebanese hummus with warm pita bread and za'atar'. Contains origin claim ('Lebanese') — flagging for verification.","Description policy: Approve factual corrections and descriptive enhancements. Reject changes that add unverifiable sourcing claims (e.g., 'organic', 'free-range', 'wagyu') or origin claims (e.g., 'Japanese', 'Norwegian') unless certification is on file. Certification status: Restaurant is registered Lebanese cuisine establishment. Origin claim consistent with restaurant profile.","approve","FALSE","1119","v2","2026-02-01T12:57:00Z","hallucination"
"CHG-114","R-1003","Bosporus Grill","Gelato","Desserts","price","4.35","5.19","","","","","","","","","","4.50","15.2","approve","0.95","15% above last verified price. Within policy bounds.","Pricing policy: Approve price increases up to 25% above last verified price. Reject increases above 25%.","approve","TRUE","1937","v2","2026-02-01T15:00:00Z",""
"CHG-115","R-1017","Al Mallah","Gelato","Desserts","price","4.69","7.15","","","","","","","","","","4.50","58.9","reject","0.68","59% above last verified price. Exceeds policy threshold.","Pricing policy: Approve price increases up to 25% above last verified price. Reject increases above 25%.","reject","TRUE","1085","v2","2026-02-01T15:03:00Z",""
"CHG-116","R-1015","Durumcu Baba","Currywurst","Street Food","price","4.14","6.37","","","","","","","","","","","53.8","reject","0.85","54% above last verified price. Exceeds policy threshold.","Pricing policy: Approve price increases up to 25% above last verified price. Reject increases above 25%.","reject","TRUE","1599","v2","2026-02-01T15:06:00Z",""
"CHG-117","R-1003","Bosporus Grill","Grilled Sea Bass","Seafood","price","21.17","26.23","","","","","","","","","","22.00","19.2","approve","0.78","19% above last verified price. Within policy bounds.","Pricing policy: Approve price increases up to 25% above last verified price. Reject increases above 25%.","approve","TRUE","1630","v2","2026-02-01T15:09:00Z",""
"CHG-118","R-1027","Imren Grill","Naan","Sides","category","","","","","","","","","","Sides","Starters","3.00","","approve","0.78","Lateral category move. No visibility advantage.","Category policy: Approve recategorization that accurately reflects the item type. No special restrictions.","approve","TRUE","901","v2","2026-02-01T15:12:00Z",""
"CHG-119","R-1020","Al Baik","Vegan Bowl","Main","category","","","","","","","","","","Extras","Sides","10.50","","approve","0.87","Reasonable reclassification within similar tier.","Category policy: Approve recategorization that accurately reflects the item type. No special restrictions.","approve","TRUE","979","v2","2026-02-01T15:15:00Z",""
"CHG-120","R-1021","Zabeel House Kitchen","Lobster Roll","Seafood","description","","","Beef burger with cheese","Dry-aged wagyu beef burger with truffle aioli and aged gruyere","","","","","","","","18.00","","flag_for_review","0.88","Description contains premium claims that need verification.","Description policy: Approve factual corrections and descriptive enhancements. Reject changes that add unverifiable sourcing claims (e.g., 'organic', 'free-range', 'wagyu') or origin claims (e.g., 'Japanese', 'Norwegian') unless certification is on file.","reject","TRUE","1088","v2","2026-02-01T15:18:00Z",""
"CHG-121","R-1005","Mustafas Gemuse Kebab","Wiener Schnitzel","Main","category","","","","","","","","","","Main","Sides","14.90","","approve","0.84","Downgrade in category. No gaming incentive.","Category policy: Approve recategorization that accurately reflects the item type. No special restrictions.","approve","TRUE","1049","v2","2026-02-01T15:21:00Z",""
"CHG-122","R-1008","Sahara Imbiss","Vegan Bowl","Main","description","","","Mixed salad","Organic farm-to-table seasonal greens with house vinaigrette","","","","","","","","10.50","","flag_for_review","0.81","Description contains premium claims that need verification.","Description policy: Approve factual corrections and descriptive enhancements. Reject changes that add unverifiable sourcing claims (e.g., 'organic', 'free-range', 'wagyu') or origin claims (e.g., 'Japanese', 'Norwegian') unless certification is on file.","reject","TRUE","1708","v2","2026-02-01T15:24:00Z",""
"CHG-123","R-1019","Ravi Restaurant","Tacos","Main","allergen_dietary","","","","","Nut-free","Contains: tree nuts","","","","","","","","approve","0.58","Allergen information updated from 'Nut-free' to 'Contains: tree nuts'. New allergen warning added — this improves consumer safety. Approved.","Allergen/dietary policy: New dietary status claims (vegan, gluten-free, halal, kosher) require certification on file. Additions of allergen warnings (e.g., 'contains nuts') should be approved for safety. Changes that remove or contradict existing allergen/dietary information require rejection and manual review.","reject","FALSE","1422","v2","2026-02-01T15:27:00Z","false_approval"
"CHG-124","R-1002","Schnitzel Fritz","Pho","Main","price","12.02","14.88","","","","","","","","","","11.50","29.4","reject","0.52","29% above last verified price. Exceeds policy threshold.","Pricing policy: Approve price increases up to 25% above last verified price. Reject increases above 25%.","reject","TRUE","1238","v2","2026-02-01T15:30:00Z","false_approval"
"CHG-125","R-1004","Curry 36","Truffle Burger","Main","image","","","","","","","steak_v1.jpg","steak_v2_plated.jpg","Image analysis: Old image shows a truffle burger on a plain plate. New image shows the same burger with improved plating and garnish. Same kitchen background visible in both.","","","15.00","","reject","0.43","Image change for Truffle Burger. New image has different plating style — rejecting as potential mismatch.","Image policy: Approve clear food photography matching the item. Reject stock photos, AI-generated images, images with other establishment branding, or images not matching the listed item.","approve","FALSE","1533","v2","2026-02-01T15:33:00Z","hallucination"
"CHG-126","R-1008","Sahara Imbiss","Fried Chicken Box","Main","allergen_dietary","","","","","","Keto-friendly, Low-carb","","","","","","8.50","","flag_for_review","0.92","New dietary claims. Nutritional verification required.","Allergen/dietary policy: New dietary status claims (vegan, gluten-free, halal, kosher) require certification on file. Additions of allergen warnings (e.g., 'contains nuts') should be approved for safety. Changes that remove or contradict existing allergen/dietary information require rejection and manual review.","reject","TRUE","1274","v2","2026-02-01T15:36:00Z",""
"CHG-127","R-1019","Ravi Restaurant","Mixed Grill Plate","Main","allergen_dietary","","","","","Contains: gluten","Gluten-free, Celiac-safe","","","","","","17.50","","approve","0.42","Dietary information updated from 'Contains: gluten' to 'Gluten-free, Celiac-safe'. Updated dietary status for this item. No safety concern detected. Approved.","Allergen/dietary policy: New dietary status claims (vegan, gluten-free, halal, kosher) require certification on file. Additions of allergen warnings (e.g., 'contains nuts') should be approved for safety. Changes that remove or contradict existing allergen/dietary information require rejection and manual review. Certification status: No gluten-free or celiac-safe certification on file for this restaurant.","reject","FALSE","1146","v2","2026-02-01T15:39:00Z","context_miss"
"CHG-128","R-1005","Mustafas Gemuse Kebab","Pommes Frites","Sides","price","3.56","3.68","","","","","","","","","","3.50","5.3","approve","0.91","5% above last verified price. Within policy bounds.","Pricing policy: Approve price increases up to 25% above last verified price. Reject increases above 25%.","approve","TRUE","1337","v2","2026-02-01T15:42:00Z",""
"CHG-129","R-1019","Ravi Restaurant","Chicken Biryani","Main","price","10.59","11.79","","","","","","","","","","11.00","7.2","approve","0.74","7% above last verified price. Within policy bounds.","Pricing policy: Approve price increases up to 25% above last verified price. Reject increases above 25%.","approve","TRUE","1768","v2","2026-02-01T15:45:00Z",""
"CHG-130","R-1025","Maple Tree House","Samgyeopsal Set","Main","description","","","Fried chicken pieces","Double-brined free-range chicken fried in cold-pressed peanut oil","","","","","","","","14.50","","flag_for_review","0.84","Description contains premium claims that need verification.","Description policy: Approve factual corrections and descriptive enhancements. Reject changes that add unverifiable sourcing claims (e.g., 'organic', 'free-range', 'wagyu') or origin claims (e.g., 'Japanese', 'Norwegian') unless certification is on file.","reject","TRUE","938","v2","2026-02-01T15:48:00Z",""
"CHG-131","R-1024","Tosokchon","Grilled Sea Bass","Seafood","image","","","","","","","bowl_photo.jpg","bowl_portion_smaller.jpg","","","","22.00","","reject","0.59","Image change flagged for review.","Image policy: Approve clear food photography matching the item. Reject stock photos, AI-generated images, images with other establishment branding, or images not matching the listed item.","reject","TRUE","913","v2","2026-02-01T15:51:00Z","price_error"
"CHG-132","R-1002","Schnitzel Fritz","Caesar Salad","Starters","image","","","","","","","burger_photo_2024.jpg","burger_studio_shot.jpg","","","","8.50","","flag_for_review","0.75","New image appears to be a professional studio shot. Check if it represents actual dish.","Image policy: Approve clear food photography matching the item. Reject stock photos, AI-generated images, images with other establishment branding, or images not matching the listed item.","reject","TRUE","1758","v2","2026-02-01T15:54:00Z",""
"CHG-133","R-1003","Bosporus Grill","Vegan Bowl","Main","price","10.04","12.29","","","","","","","","","","10.50","17.0","approve","0.85","17% above last verified price. Within policy bounds.","Pricing policy: Approve price increases up to 25% above last verified price. Reject increases above 25%.","approve","TRUE","1515","v2","2026-02-01T15:57:00Z",""
"CHG-134","R-1013","Ciya Sofrasi","Chicken Wings","Starters","description","","","Fish and chips","Beer-battered wild-caught Atlantic cod with triple-cooked chips","","","","","","","","8.00","","flag_for_review","0.87","Description contains premium claims that need verification.","Description policy: Approve factual corrections and descriptive enhancements. Reject changes that add unverifiable sourcing claims (e.g., 'organic', 'free-range', 'wagyu') or origin claims (e.g., 'Japanese', 'Norwegian') unless certification is on file.","reject","TRUE","1053","v2","2026-02-01T18:00:00Z",""
"CHG-135","R-1026","Five Guys","Pho","Main","price","11.93","17.87","","","","","","","","","","11.50","55.4","reject","0.71","55% above last verified price. Exceeds policy threshold.","Pricing policy: Approve price increases up to 25% above last verified price. Reject increases above 25%.","reject","TRUE","1697","v2","2026-02-01T18:03:00Z",""
"CHG-136","R-1011","Sultan Kebap","Lobster Roll","Seafood","description","","","Chocolate cake","Single-origin Valrhona dark chocolate cake with gold leaf","","","","","","","","18.00","","approve","0.74","Description enhancement. No misleading claims detected.","Description policy: Approve factual corrections and descriptive enhancements. Reject changes that add unverifiable sourcing claims (e.g., 'organic', 'free-range', 'wagyu') or origin claims (e.g., 'Japanese', 'Norwegian') unless certification is on file.","approve","TRUE","1724","v2","2026-02-01T18:06:00Z",""
"CHG-137","R-1011","Sultan Kebap","Sushi Set","Main","price","16.30","20.66","","","","","","","","","","","26.7","reject","0.74","27% above last verified price. Exceeds policy threshold.","Pricing policy: Approve price increases up to 25% above last verified price. Reject increases above 25%.","reject","TRUE","1047","v2","2026-02-01T18:09:00Z",""
"CHG-138","R-1024","Tosokchon","Tacos","Main","price","8.60","13.06","","","","","","","","","","9.00","45.1","reject","0.80","45% above last verified price. Exceeds policy threshold.","Pricing policy: Approve price increases up to 25% above last verified price. Reject increases above 25%.","reject","TRUE","1716","v2","2026-02-01T18:12:00Z",""
"CHG-139","R-1028","Tangs Living","Gelato","Desserts","allergen_dietary","","","","","Vegetarian","Vegetarian, Organic, Non-GMO","","","","","","","","flag_for_review","0.86","New organic/non-GMO claims require supplier certification.","Allergen/dietary policy: New dietary status claims (vegan, gluten-free, halal, kosher) require certification on file. Additions of allergen warnings (e.g., 'contains nuts') should be approved for safety. Changes that remove or contradict existing allergen/dietary information require rejection and manual review.","reject","TRUE","1570","v2","2026-02-01T18:15:00Z",""
"CHG-140","R-1004","Curry 36","Baklava","Desserts","description","","","Grilled salmon","Line-caught Norwegian salmon with herb butter","","","","","","","","5.00","","approve","0.84","Description enhancement. No misleading claims detected.","Description policy: Approve factual corrections and descriptive enhancements. Reject changes that add unverifiable sourcing claims (e.g., 'organic', 'free-range', 'wagyu') or origin claims (e.g., 'Japanese', 'Norwegian') unless certification is on file.","approve","TRUE","1071","v2","2026-02-01T18:18:00Z",""
"CHG-141","R-1012","Karadeniz Pide","Truffle Burger","Main","description","","","Tomato soup","San Marzano tomato bisque with basil cream","","","","","","","","15.00","","approve","0.79","Description enhancement. No misleading claims detected.","Description policy: Approve factual corrections and descriptive enhancements. Reject changes that add unverifiable sourcing claims (e.g., 'organic', 'free-range', 'wagyu') or origin claims (e.g., 'Japanese', 'Norwegian') unless certification is on file.","approve","TRUE","1313","v2","2026-02-01T18:21:00Z",""
"CHG-142","R-1026","Five Guys","Fish and Chips","Main","image","","","","","","","chicken_plate_v1.jpg","stock_photo_chicken_12345.jpg","","","","","","reject","0.92","New image detected as stock photo. Platform policy requires actual dish photos.","Image policy: Approve clear food photography matching the item. Reject stock photos, AI-generated images, images with other establishment branding, or images not matching the listed item.","reject","TRUE","903","v2","2026-02-01T18:24:00Z",""
"CHG-143","R-1020","Al Baik","Gelato","Desserts","description","","","Steak sandwich","Grass-fed ribeye steak sandwich on artisan sourdough","","","","","","","","4.50","","approve","0.73","Description enhancement. No misleading claims detected.","Description policy: Approve factual corrections and descriptive enhancements. Reject changes that add unverifiable sourcing claims (e.g., 'organic', 'free-range', 'wagyu') or origin claims (e.g., 'Japanese', 'Norwegian') unless certification is on file.","approve","TRUE","1409","v2","2026-02-01T18:27:00Z",""
"CHG-144","R-1023","Gwangjang Market","Butter Chicken","Main","price","11.88","18.16","","","","","","","","","","12.50","45.3","reject","0.76","45% above last verified price. Exceeds policy threshold.","Pricing policy: Approve price increases up to 25% above last verified price. Reject increases above 25%.","reject","TRUE","912","v2","2026-02-01T18:30:00Z",""
"CHG-145","R-1003","Bosporus Grill","Tacos","Main","description","","","Pasta carbonara","Authentic Roman carbonara with guanciale and Pecorino Romano DOP","","","","","","","","9.00","","approve","0.83","Description enhancement. No misleading claims detected.","Description policy: Approve factual corrections and descriptive enhancements. Reject changes that add unverifiable sourcing claims (e.g., 'organic', 'free-range', 'wagyu') or origin claims (e.g., 'Japanese', 'Norwegian') unless certification is on file.","approve","TRUE","1172","v2","2026-02-01T18:33:00Z",""
"CHG-146","R-1012","Karadeniz Pide","Pad Thai","Main","allergen_dietary","","","","","Contains: gluten, dairy, eggs","Contains: gluten, dairy","","","","","","12.00","","flag_for_review","0.86","Allergen removed (eggs). Needs verification — recipe may not have changed.","Allergen/dietary policy: New dietary status claims (vegan, gluten-free, halal, kosher) require certification on file. Additions of allergen warnings (e.g., 'contains nuts') should be approved for safety. Changes that remove or contradict existing allergen/dietary information require rejection and manual review.","reject","TRUE","1023","v2","2026-02-01T18:36:00Z",""
"CHG-147","R-1029","Pizza Dach","Wiener Schnitzel","Main","price","14.23","16.90","","","","","","","","","","14.90","13.4","approve","0.82","13% above last verified price. Within policy bounds.","Pricing policy: Approve price increases up to 25% above last verified price. Reject increases above 25%.","approve","TRUE","1755","v2","2026-02-01T18:39:00Z",""
"CHG-148","R-1014","Bebek Balikci","Margherita Pizza","Main","price","9.35","11.20","","","","","","","","","","9.50","17.9","flag_for_review","0.43","Price increased 18% above last verified price. Approaching threshold — flagging for review.","Pricing policy: Approve price increases up to 25% above last verified price. Reject increases above 25%.","approve","FALSE","1659","v2","2026-02-01T18:42:00Z","context_miss"
"CHG-149","R-1020","Al Baik","Wiener Schnitzel","Main","price","14.47","16.37","","","","","","","","","","14.90","9.9","approve","0.80","10% above last verified price. Within policy bounds.","Pricing policy: Approve price increases up to 25% above last verified price. Reject increases above 25%.","approve","TRUE","865","v2","2026-02-01T18:45:00Z",""
"CHG-150","R-1016","Meshur Kofte","Tacos","Main","price","9.03","10.41","","","","","","","","","","9.00","15.6","approve","0.88","16% above last verified price. Within policy bounds.","Pricing policy: Approve price increases up to 25% above last verified price. Reject increases above 25%.","approve","TRUE","1575","v2","2026-02-01T18:48:00Z",""
"CHG-151","R-1003","Bosporus Grill","Bibimbap","Main","image","","","","","","","pizza_real.jpg","pizza_competitor_logo_visible.jpg","","","","10.50","","reject","0.72","Competitor branding visible in new image. Policy violation.","Image policy: Approve clear food photography matching the item. Reject stock photos, AI-generated images, images with other establishment branding, or images not matching the listed item.","reject","TRUE","1009","v2","2026-02-01T18:51:00Z",""
"CHG-152","R-1028","Tangs Living","Chicken Biryani","Main","description","","","Veggie wrap","Superfood wrap with quinoa, avocado, and activated charcoal tortilla","","","","","","","","11.00","","approve","0.89","Description enhancement. No misleading claims detected.","Description policy: Approve factual corrections and descriptive enhancements. Reject changes that add unverifiable sourcing claims (e.g., 'organic', 'free-range', 'wagyu') or origin claims (e.g., 'Japanese', 'Norwegian') unless certification is on file.","approve","TRUE","1705","v2","2026-02-01T18:54:00Z",""
"CHG-153","R-1010","Risa Chicken","Classic Burger","Main","price","9.58","14.02","","","","","","","","","","","46.4","reject","0.81","46% above last verified price. Exceeds policy threshold.","Pricing policy: Approve price increases up to 25% above last verified price. Reject increases above 25%.","reject","TRUE","1744","v2","2026-02-01T18:57:00Z",""
"CHG-154","R-1028","Tangs Living","Classic Burger","Main","price","9.92","10.98","","","","","","","","","","9.90","10.9","approve","0.80","11% above last verified price. Within policy bounds.","Pricing policy: Approve price increases up to 25% above last verified price. Reject increases above 25%.","approve","TRUE","1532","v2","2026-02-01T21:00:00Z",""
"CHG-155","R-1025","Maple Tree House","Falafel Teller","Main","price","7.52","8.98","","","","","","","","","","7.50","19.7","approve","0.80","20% above last verified price. Within policy bounds.","Pricing policy: Approve price increases up to 25% above last verified price. Reject increases above 25%.","approve","TRUE","1152","v2","2026-02-01T21:03:00Z",""
"CHG-156","R-1008","Sahara Imbiss","Classic Burger","Main","price","10.00","14.68","","","","","","","","","","9.90","48.3","reject","0.66","48% above last verified price. Exceeds policy threshold.","Pricing policy: Approve price increases up to 25% above last verified price. Reject increases above 25%.","reject","TRUE","1861","v2","2026-02-01T21:06:00Z",""
"CHG-157","R-1015","Durumcu Baba","Butter Chicken","Main","description","","","Chicken curry","Slow-simmered 24-hour chicken curry with hand-ground spice blend","","","","","","","","12.50","","approve","0.88","Description enhancement. No misleading claims detected.","Description policy: Approve factual corrections and descriptive enhancements. Reject changes that add unverifiable sourcing claims (e.g., 'organic', 'free-range', 'wagyu') or origin claims (e.g., 'Japanese', 'Norwegian') unless certification is on file.","approve","TRUE","1511","v2","2026-02-01T21:09:00Z",""
"CHG-158","R-1028","Tangs Living","Naan","Sides","price","2.99","4.59","","","","","","","","","","3.00","53.1","reject","0.79","53% above last verified price. Exceeds policy threshold.","Pricing policy: Approve price increases up to 25% above last verified price. Reject increases above 25%.","reject","TRUE","1001","v2","2026-02-01T21:12:00Z",""
"CHG-159","R-1010","Risa Chicken","Lamb Chops","Main","description","","","Classic breaded veal schnitzel with fries","Premium hand-breaded veal schnitzel with truffle fries and organic garden salad","","","","","","","","18.50","","flag_for_review","0.92","Description contains premium claims that need verification.","Description policy: Approve factual corrections and descriptive enhancements. Reject changes that add unverifiable sourcing claims (e.g., 'organic', 'free-range', 'wagyu') or origin claims (e.g., 'Japanese', 'Norwegian') unless certification is on file.","reject","TRUE","1007","v2","2026-02-01T21:15:00Z",""
"CHG-160","R-1021","Zabeel House Kitchen","Truffle Burger","Main","category","","","","","","","","","","Starters","Sharing Plates","15.00","","approve","0.86","Subcategory refinement. Common menu pattern.","Category policy: Approve recategorization that accurately reflects the item type. No special restrictions.","approve","TRUE","1637","v2","2026-02-01T21:18:00Z",""
"CHG-161","R-1015","Durumcu Baba","Baklava","Desserts","description","","","Chicken shawarma sandwich","Hand-carved rotisserie chicken shawarma with garlic sauce and pickles in fresh saj bread","","","","","","","","5.00","","approve","0.94","Description enhancement. No misleading claims detected.","Description policy: Approve factual corrections and descriptive enhancements. Reject changes that add unverifiable sourcing claims (e.g., 'organic', 'free-range', 'wagyu') or origin claims (e.g., 'Japanese', 'Norwegian') unless certification is on file.","approve","TRUE","1771","v2","2026-02-01T21:21:00Z",""
"CHG-162","R-1030","Korean BBQ House","Grilled Sea Bass","Seafood","description","","","Grilled lamb chops","Free-range New Zealand lamb chops char-grilled over open flame","","","","","","","","22.00","","flag_for_review","0.87","Description contains premium claims that need verification.","Description policy: Approve factual corrections and descriptive enhancements. Reject changes that add unverifiable sourcing claims (e.g., 'organic', 'free-range', 'wagyu') or origin claims (e.g., 'Japanese', 'Norwegian') unless certification is on file.","reject","TRUE","1876","v2","2026-02-01T21:24:00Z",""
"CHG-163","R-1005","Mustafas Gemuse Kebab","Wiener Schnitzel","Main","description","","","Homemade hummus with pita","Authentic Lebanese hummus with warm pita bread and olive oil drizzle","","","","","","","","14.90","","approve","0.92","Description enhancement. No misleading claims detected.","Description policy: Approve factual corrections and descriptive enhancements. Reject changes that add unverifiable sourcing claims (e.g., 'organic', 'free-range', 'wagyu') or origin claims (e.g., 'Japanese', 'Norwegian') unless certification is on file.","approve","TRUE","1022","v2","2026-02-01T21:27:00Z",""
"CHG-164","R-1017","Al Mallah","Naan","Sides","price","2.98","3.45","","","","","","","","","","3.00","14.9","approve","0.76","15% above last verified price. Within policy bounds.","Pricing policy: Approve price increases up to 25% above last verified price. Reject increases above 25%.","approve","TRUE","1613","v2","2026-02-01T21:30:00Z",""
"CHG-165","R-1030","Korean BBQ House","Pad Thai","Main","price","12.21","14.04","","","","","","","","","","12.00","17.0","approve","0.80","17% above last verified price. Within policy bounds.","Pricing policy: Approve price increases up to 25% above last verified price. Reject increases above 25%.","approve","TRUE","1525","v2","2026-02-01T21:33:00Z",""
"CHG-166","R-1004","Curry 36","Pommes Frites","Sides","description","","","Crispy fries with sea salt","Hand-cut triple-cooked Belgian frites with high-altitude Himalayan pink salt and black truffle oil","","","","","","","","3.50","","approve","0.44","Description updated from 'Crispy fries with sea salt' to include preparation method and premium ingredients. Standard menu enhancement. No misleading claims detected. Approved.","Description policy: Approve factual corrections and descriptive enhancements. Reject changes that add unverifiable sourcing claims (e.g., 'organic', 'free-range', 'wagyu') or origin claims (e.g., 'Japanese', 'Norwegian') unless certification is on file. Certification status: No sourcing or origin certifications on file for this restaurant.","reject","FALSE","1139","v2","2026-02-01T21:36:00Z","false_approval"
"CHG-167","R-1030","Korean BBQ House","Samgyeopsal Set","Main","price","14.74","17.18","","","","","","","","","","14.50","18.5","approve","0.74","18% above last verified price. Within policy bounds.","Pricing policy: Approve price increases up to 25% above last verified price. Reject increases above 25%.","approve","TRUE","1621","v2","2026-02-01T21:39:00Z",""
"CHG-168","R-1021","Zabeel House Kitchen","Grilled Sea Bass","Seafood","price","22.45","35.18","","","","","","","","","","22.00","59.9","reject","0.88","60% above last verified price. Exceeds policy threshold.","Pricing policy: Approve price increases up to 25% above last verified price. Reject increases above 25%.","reject","TRUE","1717","v2","2026-02-01T21:42:00Z",""
"CHG-169","R-1017","Al Mallah","Samgyeopsal Set","Main","price","15.15","17.34","","","","","","","","","","14.50","19.6","approve","0.77","20% above last verified price. Within policy bounds.","Pricing policy: Approve price increases up to 25% above last verified price. Reject increases above 25%.","approve","TRUE","1131","v2","2026-02-01T21:45:00Z",""
"CHG-170","R-1005","Mustafas Gemuse Kebab","Currywurst","Street Food","price","4.00","6.04","","","","","","","","","","4.00","51.1","reject","0.75","51% above last verified price. Exceeds policy threshold.","Pricing policy: Approve price increases up to 25% above last verified price. Reject increases above 25%.","reject","TRUE","1118","v2","2026-02-01T21:48:00Z",""
"CHG-171","R-1020","Al Baik","Bibimbap","Main","price","10.70","16.45","","","","","","","","","","10.50","56.7","reject","0.84","57% above last verified price. Exceeds policy threshold.","Pricing policy: Approve price increases up to 25% above last verified price. Reject increases above 25%.","reject","TRUE","1596","v2","2026-02-01T21:51:00Z",""
"CHG-172","R-1022","Myeongdong Kyoja","Tacos","Main","price","8.81","12.71","","","","","","","","","","9.00","41.3","reject","0.78","41% above last verified price. Exceeds policy threshold.","Pricing policy: Approve price increases up to 25% above last verified price. Reject increases above 25%.","reject","TRUE","1810","v2","2026-02-01T21:54:00Z",""
"CHG-173","R-1029","Pizza Dach","Lobster Roll","Seafood","price","18.13","21.53","","","","","","","","","","18.00","19.6","approve","0.91","20% above last verified price. Within policy bounds.","Pricing policy: Approve price increases up to 25% above last verified price. Reject increases above 25%.","approve","TRUE","1879","v2","2026-02-01T21:57:00Z",""
"CHG-174","R-1017","Al Mallah","Fish and Chips","Main","category","","","","","","","","","","Sides","Main","11.00","","reject","0.91","Moving side dish to Main category. Likely gaming search visibility.","Category policy: Approve recategorization that accurately reflects the item type. No special restrictions.","reject","TRUE","1133","v2","2026-02-02T00:00:00Z",""
"CHG-175","R-1028","Tangs Living","Margherita Pizza","Main","price","9.38","14.27","","","","","","","","","","9.50","50.2","approve","0.38","Price increased 50% above last verified price. Reviewed against pricing policy — acceptable for this item category. Approved.","Pricing policy: Approve price increases up to 25% above last verified price. Reject increases above 25%.","reject","FALSE","1770","v2","2026-02-02T00:03:00Z","policy_miss"
"CHG-176","R-1029","Pizza Dach","Hummus","Sides","price","4.70","5.11","","","","","","","","","","4.50","13.6","approve","0.80","14% above last verified price. Within policy bounds.","Pricing policy: Approve price increases up to 25% above last verified price. Reject increases above 25%.","approve","TRUE","904","v2","2026-02-02T00:06:00Z",""
"CHG-177","R-1014","Bebek Balikci","Wiener Schnitzel","Main","price","14.73","16.28","","","","","","","","","","14.90","9.3","flag_for_review","0.64","Price increased 9% above last verified price. Flagging for review as a precaution.","Pricing policy: Approve price increases up to 25% above last verified price. Reject increases above 25%.","approve","FALSE","1536","v2","2026-02-02T00:09:00Z","hallucination"
"CHG-178","R-1026","Five Guys","Fried Chicken Box","Main","price","8.78","11.11","","","","","","","","","","8.50","30.7","approve","0.47","Price increased 31% above last verified price. Checked pricing policy — within acceptable bounds. Approved.","Pricing policy: Approve price increases up to 25% above last verified price. Reject increases above 25%.","reject","FALSE","888","v2","2026-02-02T00:12:00Z","policy_miss"
"CHG-179","R-1009","Burgermeister","Mixed Grill Plate","Main","image","","","","","","","salad_old.jpg","salad_updated.jpg","","","","17.50","","approve","0.89","Updated photo of same dish. Consistent with menu item.","Image policy: Approve clear food photography matching the item. Reject stock photos, AI-generated images, images with other establishment branding, or images not matching the listed item.","approve","TRUE","1930","v2","2026-02-02T00:15:00Z",""
"CHG-180","R-1014","Bebek Balikci","Classic Burger","Main","allergen_dietary","","","","","","Vegan, Gluten-free","","","","","","9.90","","flag_for_review","0.75","New dietary claims added without prior history. Needs ingredient verification.","Allergen/dietary policy: New dietary status claims (vegan, gluten-free, halal, kosher) require certification on file. Additions of allergen warnings (e.g., 'contains nuts') should be approved for safety. Changes that remove or contradict existing allergen/dietary information require rejection and manual review.","reject","TRUE","1338","v2","2026-02-02T00:18:00Z",""
"CHG-181","R-1014","Bebek Balikci","Naan","Sides","allergen_dietary","","","","","Halal certified","","","","","","","3.00","","reject","0.75","Halal certification removed. Possible attempt to avoid halal compliance checks.","Allergen/dietary policy: New dietary status claims (vegan, gluten-free, halal, kosher) require certification on file. Additions of allergen warnings (e.g., 'contains nuts') should be approved for safety. Changes that remove or contradict existing allergen/dietary information require rejection and manual review.","reject","TRUE","1873","v2","2026-02-02T00:21:00Z",""
"CHG-182","R-1020","Al Baik","Pommes Frites","Sides","price","3.41","3.96","","","","","","","","","","3.50","13.2","approve","0.87","13% above last verified price. Within policy bounds.","Pricing policy: Approve price increases up to 25% above last verified price. Reject increases above 25%.","approve","TRUE","1342","v2","2026-02-02T00:24:00Z",""
"CHG-183","R-1019","Ravi Restaurant","Fish and Chips","Main","price","11.03","13.54","","","","","","","","","","11.00","23.1","approve","0.85","23% above last verified price. Within policy bounds.","Pricing policy: Approve price increases up to 25% above last verified price. Reject increases above 25%.","approve","TRUE","1889","v2","2026-02-02T00:27:00Z",""
"CHG-184","R-1018","Operation Falafel","Doner Kebab","Main","price","7.60","10.10","","","","","","","","","","7.50","34.6","reject","0.62","35% above last verified price. Exceeds policy threshold.","Pricing policy: Approve price increases up to 25% above last verified price. Reject increases above 25%.","reject","TRUE","1556","v2","2026-02-02T00:30:00Z",""
"CHG-185","R-1008","Sahara Imbiss","Tacos","Main","description","","","Mixed salad","Organic farm-to-table seasonal greens with house vinaigrette","","","","","","","","9.00","","flag_for_review","0.86","Description contains premium claims that need verification.","Description policy: Approve factual corrections and descriptive enhancements. Reject changes that add unverifiable sourcing claims (e.g., 'organic', 'free-range', 'wagyu') or origin claims (e.g., 'Japanese', 'Norwegian') unless certification is on file.","reject","TRUE","1530","v2","2026-02-02T00:33:00Z",""
"CHG-186","R-1005","Mustafas Gemuse Kebab","Wiener Schnitzel","Main","price","15.11","22.24","","","","","","","","","","14.90","49.3","reject","0.87","49% above last verified price. Exceeds policy threshold.","Pricing policy: Approve price increases up to 25% above last verified price. Reject increases above 25%.","reject","TRUE","1223","v2","2026-02-02T00:36:00Z",""
"CHG-187","R-1026","Five Guys","Fried Chicken Box","Main","price","8.46","9.00","","","","","","","","","","8.50","5.8","approve","0.77","6% above last verified price. Within policy bounds.","Pricing policy: Approve price increases up to 25% above last verified price. Reject increases above 25%.","approve","TRUE","935","v2","2026-02-02T00:39:00Z",""
"CHG-188","R-1011","Sultan Kebap","Gelato","Desserts","price","4.64","5.73","","","","","","","","","","4.50","27.2","reject","0.79","27% above last verified price. Exceeds policy threshold.","Pricing policy: Approve price increases up to 25% above last verified price. Reject increases above 25%.","reject","TRUE","947","v2","2026-02-02T00:42:00Z",""
"CHG-189","R-1028","Tangs Living","Naan","Sides","price","2.96","4.54","","","","","","","","","","3.00","51.3","reject","0.86","51% above last verified price. Exceeds policy threshold.","Pricing policy: Approve price increases up to 25% above last verified price. Reject increases above 25%.","reject","TRUE","1232","v2","2026-02-02T00:45:00Z",""
"CHG-190","R-1016","Meshur Kofte","Pho","Main","description","","","Fried chicken pieces","Double-brined free-range chicken fried in cold-pressed peanut oil","","","","","","","","","","reject","0.61","Description contains potentially misleading claims.","Description policy: Approve factual corrections and descriptive enhancements. Reject changes that add unverifiable sourcing claims (e.g., 'organic', 'free-range', 'wagyu') or origin claims (e.g., 'Japanese', 'Norwegian') unless certification is on file.","reject","TRUE","1011","v2","2026-02-02T00:48:00Z","false_approval"
"CHG-191","R-1014","Bebek Balikci","Chicken Wings","Starters","category","","","","","","","","","","Desserts","Pastry","8.00","","approve","0.79","Subcategory refinement. Reasonable reclassification.","Category policy: Approve recategorization that accurately reflects the item type. No special restrictions.","approve","TRUE","1060","v2","2026-02-02T00:51:00Z",""
"CHG-192","R-1003","Bosporus Grill","Chicken Biryani","Main","description","","","Fish and chips","Beer-battered wild-caught Atlantic cod with triple-cooked chips","","","","","","","","11.00","","flag_for_review","0.86","Description contains premium claims that need verification.","Description policy: Approve factual corrections and descriptive enhancements. Reject changes that add unverifiable sourcing claims (e.g., 'organic', 'free-range', 'wagyu') or origin claims (e.g., 'Japanese', 'Norwegian') unless certification is on file.","reject","TRUE","1722","v2","2026-02-02T00:54:00Z",""
"CHG-193","R-1006","Anadolu Restaurant","Pho","Main","price","11.76","16.89","","","","","","","","","","11.50","46.9","reject","0.73","47% above last verified price. Exceeds policy threshold.","Pricing policy: Approve price increases up to 25% above last verified price. Reject increases above 25%.","reject","TRUE","967","v2","2026-02-02T00:57:00Z",""
"CHG-194","R-1003","Bosporus Grill","Sushi Set","Main","description","","","Chocolate cake","Single-origin Valrhona dark chocolate cake with gold leaf","","","","","","","","16.00","","approve","0.91","Description enhancement. No misleading claims detected.","Description policy: Approve factual corrections and descriptive enhancements. Reject changes that add unverifiable sourcing claims (e.g., 'organic', 'free-range', 'wagyu') or origin claims (e.g., 'Japanese', 'Norwegian') unless certification is on file.","approve","TRUE","1177","v2","2026-02-02T03:00:00Z",""
"CHG-195","R-1001","Berliner Kebab Haus","Fried Chicken Box","Main","image","","","","","","","curry_photo.jpg","curry_hd_2025.jpg","Image analysis: Old image is a standard photo of fried chicken. New image is a higher-resolution version of similar fried chicken — same style, better camera quality.","","","8.50","","flag_for_review","0.45","Image change detected for Fried Chicken Box. Image file differs from original — flagging for manual review.","Image policy: Approve clear food photography matching the item. Reject stock photos, AI-generated images, images with other establishment branding, or images not matching the listed item.","approve","FALSE","1333","v2","2026-02-02T03:03:00Z","hallucination"
"CHG-196","R-1025","Maple Tree House","Naan","Sides","price","3.02","4.47","","","","","","","","","","3.00","49.1","reject","0.87","49% above last verified price. Exceeds policy threshold.","Pricing policy: Approve price increases up to 25% above last verified price. Reject increases above 25%.","reject","TRUE","1007","v2","2026-02-02T03:06:00Z",""
"CHG-197","R-1019","Ravi Restaurant","Fried Chicken Box","Main","description","","","Grilled salmon","Line-caught Norwegian salmon with herb butter","","","","","","","","8.50","","approve","0.88","Description enhancement. No misleading claims detected.","Description policy: Approve factual corrections and descriptive enhancements. Reject changes that add unverifiable sourcing claims (e.g., 'organic', 'free-range', 'wagyu') or origin claims (e.g., 'Japanese', 'Norwegian') unless certification is on file.","approve","TRUE","1361","v2","2026-02-02T03:09:00Z",""
"CHG-198","R-1004","Curry 36","Doner Kebab","Main","allergen_dietary","","","","","Contains: nuts, dairy","Contains: dairy","","","","","","7.50","","reject","0.45","Allergen change flagged for potential inconsistency.","Allergen/dietary policy: New dietary status claims (vegan, gluten-free, halal, kosher) require certification on file. Additions of allergen warnings (e.g., 'contains nuts') should be approved for safety. Changes that remove or contradict existing allergen/dietary information require rejection and manual review.","reject","TRUE","1383","v2","2026-02-02T03:12:00Z","policy_miss"
"CHG-199","R-1023","Gwangjang Market","Lamb Chops","Main","price","18.86","24.57","","","","","","","","","","18.50","32.8","reject","0.70","33% above last verified price. Exceeds policy threshold.","Pricing policy: Approve price increases up to 25% above last verified price. Reject increases above 25%.","reject","TRUE","1203","v2","2026-02-02T03:15:00Z",""
"CHG-200","R-1029","Pizza Dach","Pho","Main","price","11.71","15.74","","","","","","","","","","11.50","36.9","reject","0.75","37% above last verified price. Exceeds policy threshold.","Pricing policy: Approve price increases up to 25% above last verified price. Reject increases above 25%.","reject","TRUE","1444","v2","2026-02-02T03:18:00Z",""
